Date,Adj Close,Close,High,Low,Open,Volume,Asset,Daily Return
2025-04-09,272.20001220703125,272.20001220703125,274.69000244140625,223.8800048828125,224.69000244140625,219433400,TSLA,22.689989839624513
2024-10-24,260.4800109863281,260.4800109863281,262.1199951171875,242.6499938964844,244.67999267578125,204491900,TSLA,21.919035070290406
2020-02-03,52.0,52.0,52.40933227539063,44.90133285522461,44.91266632080078,705975000,TSLA,19.894859376394926
2021-03-09,224.52667236328125,224.52667236328125,226.02999877929688,198.40333557128903,202.72666931152344,202569900,TSLA,19.64120760817838
2020-03-19,28.50933265686035,28.50933265686035,30.13333320617676,23.8973331451416,24.979999542236328,452932500,TSLA,18.387684215678778
2019-10-24,19.978666305541992,19.978666305541992,20.32866668701172,19.280000686645508,19.891332626342773,445813500,TSLA,17.66923235319593
2018-10-01,20.71333312988281,20.71333312988281,20.762666702270508,20.06999969482422,20.384666442871094,326664000,TSLA,17.34713349848751
2020-03-24,33.66666793823242,33.66666793823242,34.24599838256836,31.600000381469727,31.81999969482422,343428000,TSLA,16.281749323562988
2018-08-02,23.30266761779785,23.30266761779785,23.332666397094727,21.54400062561035,21.895999908447266,348225000,TSLA,16.188013070702013
2024-04-29,194.0500030517578,194.0500030517578,198.8699951171875,184.5399932861328,188.4199981689453,243869700,TSLA,15.306917103399531
